2820,LGDGarvey
2304,DMONatural
100,LNGFlandre
328,LGDLies
2571,WEPoss
1636,BLGADD
1983,VGChelizi
1478,IGTheShy
250,EDGJinoo
2680,OMGCurse
2346,VGCube
2356,DMOChanghong
573,RNGLangx
2027,SNBiubiu
311,JDGZoom
240,FPXGimGoon
2147,TES369
2212,RWHolder
1479,IGNing
1458,FPXTian
2843,DMOAitong
1984,BLGMeteor
1971,DMOXiaopeng
2046,VGAix
1179,JDGFlawless
2646,RWWeiYan
2573,WEbeishang
53,RNGKarsa
1824,TESXx
592,LNGSofM
1180,V5Ben4
2798,IGLeyan
2770,EDGJiejie
2150,SNWeiwei
2771,JDGKanavi
129,OMGWorld6
1844,LGDbadeMan
1522,RWHaro
2463,VGYoudang
63,IGRookie
200,EDGScout
1830,LGDYuuki
2633,V5Windy
2562,TESKnight9
1970,DMOTwila
2566,RWHuaTian
88,BLGKuro
355,OMGicon
148,RNGXiaohu
2043,VGJay
2772,LNGPlex
1496,V5Mole
55,WExiye
68,SNMaple
35,FPXDoinb
1534,JDGYagao
2268,SNAngel
8,BLGJinjiao
1447,VGPuff
104,OMGkRYST4L
1276,TESQiuQiu
1668,EDGiBoy
2357,DMOGALA
1245,LGDKramer
1194,LGDRD
58,WEMystic
1832,IGJackeyLove
1187,TESLokeN
1932,RWZWuJi
71,SNSmlz
14,RNGUzi
1644,V5y4
1520,LNGAsura
46,JDGimp
1266,FPXLwx
2061,OMGKane
2355,DMOMark
268,LNGDuan
2773,V5Max
611,IGBaolan
1664,OMGHudie
5,EDGMeiko
1559,BLGXinMo
271,OMGFive
1267,FPXCrisp
74,SNSwordArt
1464,JDGLvMao
1263,TESBen
1260,RNGMing
1200,RWKillua
48,LGDPyl
325,VGSouthwind
2587,RWHuanggai
2208,WEMissing
2147,TES369
2027,SNBiubiu
2565,RWSZhaoyun
2304,DMONatural
1636,BLGADD
2346,VGCube
1983,VGChelizi
2820,LGDGarvey
2568,RWJiangqiao
2680,OMGCurse
2571,WEPoss
2046,VGAix
2091,OMDl3est16
1971,DMOXiaopeng
2463,VGYoudang
2150,SNWeiwei
2843,DMOAitong
2573,WEbeishang
1844,LGDbadeMan
2567,RWSXuzhu
2798,IGLeyan
1984,BLGMeteor
2771,JDGKanavi
2646,RWWeiYan
2770,EDGJiejie
1970,DMOTwila
1249,VGIan
2566,RWHuaTian
88,BLGKuro
2772,LNGPlex
68,SNMaple
2043,VGJay
1245,LGDKramer
1520,LNGAsura
1470,EDG.YHope
1447,VGPuff
1932,RWZWuJi
2357,DMOGALA
2061,OMGKane
1559,BLGXinMo
2355,DMOMark
2587,RWHuanggai
74,SNSwordArt
2773,V5Max
